proposed_org_role,email,full_name,employer,current_location_grants (1=Admin 2=Manager 3=User 4=Viewer),current_device_grants_differing_from_location (summary),personal_org_empty,user_id,notes
OWNER,goppi015@gmail.com,HIRONOBU GOTO,シーガイアオーシャンリゾート,バンケット=1; オープンキッチン=1; 地下=1 (バックヤード: device-level only),"バンケット: lvl2 x2 (氷温庫, 7.冷蔵庫); バックヤード: lvl1 x7",n/a (his org becomes the company),11791e39-f6d5-4417-93ca-0064560b6031,Anchor. His personal org already owns all 4 locations + 41 devices.
manager,Masaya.Nakajima@seagaia.com,Masaya Nakajima,シーガイアオーシャンリゾート,バンケット=1; オープンキッチン=1; 地下=1,バンケット: lvl2 x2; バックヤード: lvl1 x7 + サービスカウンター冷蔵庫 lvl2,yes,953e854b-e35e-436a-9d78-81a881c2381c,Admin on every granted location — clean manager candidate.
manager,Yuta.Saiga@seagaia.com,Yuta Saiga,シーガイアオーシャンリゾート,バンケット=1; オープンキッチン=1; 地下=1,バンケット: lvl2 x2; バックヤード: lvl1 x8 (incl サービスカウンター),yes,3ac711c6-0e62-466f-b952-28395aa2895c,Admin on every granted location — clean manager candidate.
manager,tsuyoshi.takada@seagaia.com,tsuyoshi takada,シーガイアオーシャンリゾート,バンケット=4; オープンキッチン=1; 地下=1,バンケット: lvl1 x7 + lvl2 x2 (device rows OUTRANK his Viewer location grant); バックヤード: lvl1 x7 + サービスカウンター lvl2,yes,c4b31f27-d48c-4cdb-818e-b920ab66951f,Effectively Admin nearly everywhere via device rows. CONFIRM manager.
member,Masaru.Oda@seagaia.com,Masaru Oda,シーガイアオーシャンリゾート,バンケット=4; オープンキッチン=1; 地下=1,バンケット: lvl2 x2; オープンキッチン: VIEWER lvl4 x17; バックヤード: lvl4 x7 + サービスカウンター lvl2; 地下: lvl4 x4,yes,9150a003-9919-4b24-9c4f-765c268ebe4f,Device rows restrict him to Viewer on most devices despite Admin location grants. Manager role would EXPAND his access to the whole org — member keeps today's restrictions.
member,takayuki.kuroki@seagaia.com,Takayuki Kuroki,シーガイアオーシャンリゾート,バンケット=4; オープンキッチン=1; 地下=1,バンケット: lvl2 x2; オープンキッチン: VIEWER lvl4 x17; バックヤード: lvl4 x7 + サービスカウンター lvl1; 地下: lvl4 x4,yes,d631d835-a165-4f50-8e07-db75399de3b1,Same Viewer-on-most-devices pattern as Oda. Manager would expand access — member keeps today's restrictions.
No longer employed,kimio.kadomura@seagaia.com,kimio kadomura,シーガイアオーシャンリゾート,地下=1 (only),(none),yes,6c59dd6f-f789-446a-a81a-63a0bacd17be,No longer employed — CONFIRMED 2026-09-26: remove access only (his 地下 grant); account itself remains as an empty personal org.
staff — no membership,kevin@cropwatch.io,Kevin Cantrell,CropWatch LLC,バンケット=1; オープンキッチン=1; 地下=1,バックヤード: lvl1 x8,n/a,fd140e81-7640-4f42-ab52-dff1b5635723,Staff support access; stays outside the org (staff bypass covers it).
staff — no membership,sayaka@cropwatch.io,Sayaka Ikemizu,CropWatch LLC,バンケット=1; オープンキッチン=1; バックヤード=1; 地下=1,バンケット: lvl2 x2,n/a,afd745a3-f355-4b81-93fb-1e4c9dad1daa,Staff support access; stays outside the org.
