proposed_org_role,email,full_name,employer,current_location_grants (1=Admin 2=Manager 3=User 4=Viewer),current_device_grants_differing_from_location (summary),personal_org_empty,user_id,notes
OWNER,baio010@icloud.com,,株式会社 サクラファーム,田原倉庫=1,(none),n/a (his org becomes the company),3b5bc6ae-db73-4a5a-b04e-2c8467e4c5bb,Anchor. Org owns 田原倉庫 + Co2センサー.
manager,baio01giken@ace.ocn.ne.jp,,株式会社 サクラファーム,田原倉庫=1,Co2センサー [2CF7F1C06220007F] = lvl2,yes,feb4e29d-5df9-411b-ab60-88b28aa83d48,Only other lvl1 Admin.
member,baio001@icloud.com,,株式会社 サクラファーム,田原倉庫=2,(none),yes,6257819c-4211-47ed-9789-5b53a235712b,Legacy lvl2 (Manager: could edit devices). New 'member' cannot edit devices — bump to manager if they need that.
member,baio006@icloud.com,,株式会社 サクラファーム,田原倉庫=2,(none),yes,4b249afb-eef5-431c-8b3d-5c719a0c0afa,Same legacy-lvl2 question.
member,baio008@icloud.com,,株式会社 サクラファーム,田原倉庫=2,(none),yes,c3b170ad-b8a4-4114-aeec-232b1f47e51a,Same legacy-lvl2 question.
member,baio014@icloud.com,,株式会社 サクラファーム,田原倉庫=2,(none),yes,574d99e4-9330-4d45-892b-8a6cb0df831b,Same legacy-lvl2 question.
member,baio015@icloud.com,,株式会社 サクラファーム,田原倉庫=2,(none),yes,c0f541e9-8fe4-4742-8d03-b029a86fa87b,Same legacy-lvl2 question.
member,baio03giken@clock.ocn.ne.jp,,株式会社 サクラファーム,田原倉庫=2,(none),yes,e01bb0ec-194d-42b2-b504-b7dea25057b9,Same legacy-lvl2 question.
member,kodama03@helen.ocn.ne.jp,,(no employer set),田原倉庫=2,(none),yes,4d4aa5fa-0061-4ef0-be15-1eca3f68b2aa,"Different domain, no employer in profile — is this a サクラファーム employee or an outside collaborator (→ guest)?"
staff — no membership,kevin@cropwatch.io,Kevin Cantrell,CropWatch LLC,田原倉庫=1,(none),n/a,fd140e81-7640-4f42-ab52-dff1b5635723,Staff support access.
staff — no membership,sayaka@cropwatch.io,Sayaka Ikemizu,CropWatch LLC,田原倉庫=1,(none),n/a,afd745a3-f355-4b81-93fb-1e4c9dad1daa,Staff support access.
